date, msg
13:54:16, admin
14:07:11, describe
14:07:27, examine
14:07:47, manual
14:08:15, examine
14:08:36, describe
14:08:51, examine
14:08:56, manual
14:09:30, examine
14:09:57, manual
14:10:23, examine
14:11:00, manual
14:11:09, examine
14:11:30, manual
14:11:31, examine
14:11:36, manual
14:11:41, examine
14:14:17, manual
14:15:46, describe
14:16:26, examine
14:16:35, manual
14:16:52, examine
14:17:00, ideate
14:17:35, describe
14:17:43, ideate
14:17:51, examine
14:18:28, ideate
14:18:33, manual
14:18:56, ideate
14:19:50, describe
14:20:00, examine
14:20:04, manual
14:20:09, examine
14:20:29, ideate
14:20:37, examine
14:20:39, ideate
14:20:42, examine
14:22:03, ideate
14:22:46, manual
14:24:18, ideate
14:24:21, examine
14:24:33, ideate
14:24:34, examine
14:24:36, ideate
14:24:47, manual
14:24:47, examine
14:24:51, manual
14:24:53, examine
14:24:55, manual
14:24:55, examine
14:25:01, manual
14:25:10, examine
14:25:12, manual
14:25:12, examine
14:25:12, manual
14:25:32, examine
14:29:41, manual
14:30:58, ideate
14:31:03, manual
14:31:08, ideate
14:33:16, describe
14:34:19, examine
14:39:31, manual
14:40:41, ideate
14:40:45, examine
14:42:22, describe
14:43:18, ideate
14:43:27, examine
14:43:38, manual
14:43:47, examine
14:43:49, manual
14:43:51, examine
14:43:53, manual
14:43:55, ideate
14:43:57, manual
14:44:16, describe
14:44:29, examine
14:45:28, manual
14:45:42, admin
